Timestamp,Name,State,Email,Accuracy of the result given
2/20/2026 19:39,Sneha Singh,Rajasthan,sneha.singh804@gmail.com,90%+
2/20/2026 16:20,Rohan Mehta,Karnataka,rohan.mehta589@gmail.com,90%+
2/16/2026 12:11,Rahul Rajput,Punjab,rahul.rajput866@gmail.com,70-80%
2/20/2026 6:15,Neha Verma,Gujarat,neha.verma609@gmail.com,70-80%
2/23/2026 13:26,Karan Kumar,Rajasthan,karan.kumar428@gmail.com,90%+
2/23/2026 3:42,Kavya Deshmukh,Gujarat,kavya.deshmukh234@gmail.com,80-90%
2/25/2026 17:03,Aditya Yadav,Odisha,aditya.yadav735@gmail.com,90%+
2/18/2026 19:25,Riya Joshi,Haryana,riya.joshi116@gmail.com,90%+
2/14/2026 8:57,Riya Pandey,Haryana,riya.pandey948@gmail.com,80-90%
2/24/2026 10:00,Neha Patil,Gujarat,neha.patil214@gmail.com,70-80%
2/15/2026 16:56,Riya Deshmukh,Karnataka,riya.deshmukh59@gmail.com,90%+
2/21/2026 10:03,Karan Mishra,Uttar Pradesh,karan.mishra510@gmail.com,90%+
2/17/2026 11:17,Sanya Mishra,Delhi,sanya.mishra537@gmail.com,80-90%
2/23/2026 5:20,Priya Kumar,Punjab,priya.kumar965@gmail.com,80-90%
2/24/2026 0:55,Rahul Bose,Punjab,rahul.bose803@gmail.com,90%+
2/15/2026 14:19,Siddharth Yadav,Karnataka,siddharth.yadav435@gmail.com,90%+
2/22/2026 5:49,Arjun Singh,Kerala,arjun.singh206@gmail.com,70-80%
2/21/2026 8:45,Arjun Gupta,Madhya Pradesh,arjun.gupta916@gmail.com,90%+
2/26/2026 9:48,Priya Yadav,Odisha,priya.yadav254@gmail.com,90%+
2/18/2026 10:02,Kabir Nair,Karnataka,kabir.nair995@gmail.com,70-80%
2/14/2026 6:30,Rahul Sharma,Rajasthan,rahul.sharma689@gmail.com,80-90%
2/19/2026 7:05,Kavya Kumar,Punjab,kavya.kumar100@gmail.com,80-90%
2/17/2026 17:00,Aarav Reddy,Bihar,aarav.reddy597@gmail.com,70-80%
2/13/2026 16:24,Aman Agarwal,Kerala,aman.agarwal950@gmail.com,80-90%
2/17/2026 13:17,Karan Kumar,Delhi,karan.kumar629@gmail.com,90%+
2/20/2026 1:45,Aditya Sharma,West Bengal,aditya.sharma528@gmail.com,90%+
2/17/2026 14:07,Shruti Iyer,Odisha,shruti.iyer751@gmail.com,90%+
2/12/2026 5:35,Arjun Joshi,Madhya Pradesh,arjun.joshi807@gmail.com,90%+
2/23/2026 16:41,Pooja Kumar,Telangana,pooja.kumar547@gmail.com,80-90%
2/16/2026 3:54,Kabir Joshi,Telangana,kabir.joshi765@gmail.com,80-90%
2/18/2026 23:09,Siddharth Pandey,Maharashtra,siddharth.pandey721@gmail.com,70-80%
2/17/2026 22:18,Neha Reddy,Maharashtra,neha.reddy433@gmail.com,70-80%
2/17/2026 16:23,Kriti Chauhan,Haryana,kriti.chauhan115@gmail.com,70-80%
2/25/2026 7:49,Ananya Patil,Telangana,ananya.patil314@gmail.com,80-90%
2/25/2026 2:07,Kabir Verma,Punjab,kabir.verma608@gmail.com,90%+
2/13/2026 19:04,Aarav Singh,Tamil Nadu,aarav.singh715@gmail.com,90%+
2/13/2026 6:14,Neha Verma,Haryana,neha.verma805@gmail.com,80-90%
2/17/2026 15:09,Diya Deshmukh,Bihar,diya.deshmukh240@gmail.com,70-80%
2/21/2026 13:03,Sanya Agarwal,Rajasthan,sanya.agarwal994@gmail.com,80-90%
2/12/2026 17:22,Meera Singh,Kerala,meera.singh333@gmail.com,80-90%
2/24/2026 0:35,Kriti Deshmukh,Rajasthan,kriti.deshmukh595@gmail.com,90%+
2/18/2026 2:32,Kabir Joshi,Punjab,kabir.joshi127@gmail.com,90%+
2/23/2026 8:30,Sneha Iyer,Madhya Pradesh,sneha.iyer115@gmail.com,80-90%
2/18/2026 1:52,Diya Sharma,Madhya Pradesh,diya.sharma379@gmail.com,80-90%
2/23/2026 21:40,Kriti Pandey,Bihar,kriti.pandey285@gmail.com,80-90%
2/21/2026 5:47,Karan Singh,Uttar Pradesh,karan.singh663@gmail.com,80-90%
2/21/2026 8:00,Kriti Verma,Uttar Pradesh,kriti.verma857@gmail.com,80-90%
2/23/2026 2:24,Ananya Joshi,Maharashtra,ananya.joshi32@gmail.com,90%+
2/15/2026 17:55,Siddharth Mehta,Uttar Pradesh,siddharth.mehta430@gmail.com,80-90%
2/19/2026 0:18,Ishaan Chauhan,Punjab,ishaan.chauhan413@gmail.com,90%+
2/19/2026 0:19,Aditya Rajput,Uttar Pradesh,aditya.rajput724@gmail.com,90%+
2/13/2026 21:04,Rahul Yadav,Haryana,rahul.yadav593@gmail.com,90%+
2/26/2026 9:12,Aman Sharma,West Bengal,aman.sharma363@gmail.com,90%+
2/22/2026 3:43,Priya Deshmukh,Rajasthan,priya.deshmukh911@gmail.com,70-80%
2/26/2026 2:18,Vikram Bose,Delhi,vikram.bose169@gmail.com,90%+
2/17/2026 13:46,Karan Singh,West Bengal,karan.singh205@gmail.com,90%+
2/22/2026 14:20,Aman Nair,Kerala,aman.nair10@gmail.com,90%+
2/14/2026 15:35,Riya Reddy,Uttar Pradesh,riya.reddy604@gmail.com,80-90%
2/16/2026 22:10,Kriti Nair,Haryana,kriti.nair922@gmail.com,80-90%
2/12/2026 3:50,Ananya Mishra,Odisha,ananya.mishra576@gmail.com,90%+
2/14/2026 18:19,Ishaan Joshi,Kerala,ishaan.joshi329@gmail.com,90%+
2/24/2026 15:50,Pooja Sharma,Delhi,pooja.sharma336@gmail.com,80-90%
2/19/2026 21:32,Vihaan Chauhan,Odisha,vihaan.chauhan170@gmail.com,80-90%
2/22/2026 10:06,Tanya Mehta,Karnataka,tanya.mehta97@gmail.com,80-90%
2/24/2026 3:20,Tanya Yadav,West Bengal,tanya.yadav611@gmail.com,90%+
2/23/2026 2:53,Shruti Rajput,Odisha,shruti.rajput81@gmail.com,80-90%
2/22/2026 19:05,Arjun Joshi,Kerala,arjun.joshi250@gmail.com,80-90%
2/20/2026 13:54,Ananya Joshi,Kerala,ananya.joshi899@gmail.com,90%+
2/22/2026 14:07,Aman Reddy,Haryana,aman.reddy774@gmail.com,90%+
2/17/2026 5:07,Karan Patil,West Bengal,karan.patil111@gmail.com,80-90%
2/17/2026 15:27,Riya Gupta,Uttar Pradesh,riya.gupta281@gmail.com,90%+
2/20/2026 1:46,Kriti Sharma,Uttar Pradesh,kriti.sharma61@gmail.com,80-90%
2/20/2026 13:52,Neha Iyer,Odisha,neha.iyer853@gmail.com,80-90%
2/17/2026 4:12,Aarav Deshmukh,Haryana,aarav.deshmukh840@gmail.com,80-90%
2/17/2026 0:29,Kriti Verma,Gujarat,kriti.verma76@gmail.com,70-80%
2/12/2026 6:20,Ananya Reddy,Rajasthan,ananya.reddy802@gmail.com,90%+
2/13/2026 16:06,Arjun Nair,Odisha,arjun.nair276@gmail.com,80-90%
2/19/2026 7:25,Ananya Joshi,Madhya Pradesh,ananya.joshi513@gmail.com,90%+
2/17/2026 17:03,Kabir Yadav,Telangana,kabir.yadav458@gmail.com,70-80%
2/21/2026 4:06,Kabir Gupta,Karnataka,kabir.gupta809@gmail.com,90%+
2/20/2026 9:24,Shruti Mishra,Madhya Pradesh,shruti.mishra608@gmail.com,70-80%
2/22/2026 12:04,Aman Nair,Karnataka,aman.nair179@gmail.com,90%+
2/15/2026 16:10,Siddharth Chauhan,Tamil Nadu,siddharth.chauhan513@gmail.com,90%+
2/16/2026 3:23,Shruti Verma,Haryana,shruti.verma787@gmail.com,80-90%
2/25/2026 2:03,Rahul Deshmukh,Odisha,rahul.deshmukh155@gmail.com,90%+
2/25/2026 11:15,Vikram Kumar,Tamil Nadu,vikram.kumar699@gmail.com,80-90%
2/14/2026 14:49,Karan Bose,Telangana,karan.bose563@gmail.com,80-90%
2/25/2026 3:21,Tanya Kumar,Rajasthan,tanya.kumar552@gmail.com,70-80%
2/15/2026 15:09,Ishaan Bose,Punjab,ishaan.bose831@gmail.com,70-80%
2/26/2026 6:01,Vikram Singh,Uttar Pradesh,vikram.singh894@gmail.com,70-80%
2/23/2026 3:39,Aarav Chauhan,Punjab,aarav.chauhan779@gmail.com,70-80%
2/20/2026 20:52,Shruti Patil,Delhi,shruti.patil754@gmail.com,60-70 %
2/26/2026 0:39,Siddharth Iyer,Telangana,siddharth.iyer750@gmail.com,90%+
2/21/2026 8:34,Aditya Mishra,Delhi,aditya.mishra330@gmail.com,70-80%
2/20/2026 23:46,Tanya Bose,Madhya Pradesh,tanya.bose490@gmail.com,80-90%
2/15/2026 4:00,Kabir Iyer,Maharashtra,kabir.iyer317@gmail.com,70-80%
2/18/2026 6:58,Rohan Joshi,Gujarat,rohan.joshi245@gmail.com,70-80%
2/19/2026 9:35,Arjun Rajput,Punjab,arjun.rajput905@gmail.com,80-90%
2/13/2026 5:52,Sanya Rajput,Karnataka,sanya.rajput914@gmail.com,80-90%
2/16/2026 7:23,Ishaan Reddy,Rajasthan,ishaan.reddy101@gmail.com,90%+
2/19/2026 19:01,Ananya Reddy,Punjab,ananya.reddy166@gmail.com,80-90%
2/12/2026 22:36,Tanya Deshmukh,Odisha,tanya.deshmukh531@gmail.com,60-70 %
2/25/2026 21:58,Priya Chauhan,Uttar Pradesh,priya.chauhan657@gmail.com,60-70 %
2/13/2026 11:00,Priya Bose,Delhi,priya.bose320@gmail.com,90%+
2/13/2026 13:19,Pooja Reddy,Karnataka,pooja.reddy212@gmail.com,90%+
2/13/2026 7:57,Rohan Das,Telangana,rohan.das336@gmail.com,70-80%
2/22/2026 16:36,Tanya Mishra,Maharashtra,tanya.mishra605@gmail.com,80-90%
2/25/2026 16:13,Aman Bose,Haryana,aman.bose242@gmail.com,80-90%
2/16/2026 17:37,Meera Mehta,Kerala,meera.mehta695@gmail.com,70-80%
2/25/2026 12:15,Aditya Reddy,Karnataka,aditya.reddy804@gmail.com,60-70 %
2/14/2026 18:48,Priya Patil,Kerala,priya.patil126@gmail.com,80-90%
2/26/2026 13:57,Priya Mishra,Bihar,priya.mishra661@gmail.com,90%+
2/25/2026 23:45,Vihaan Sharma,Uttar Pradesh,vihaan.sharma959@gmail.com,80-90%
2/15/2026 10:55,Vikram Yadav,Telangana,vikram.yadav904@gmail.com,90%+
2/23/2026 11:16,Vikram Reddy,West Bengal,vikram.reddy252@gmail.com,90%+
2/14/2026 16:01,Rahul Iyer,Telangana,rahul.iyer497@gmail.com,80-90%
2/14/2026 3:14,Kabir Singh,Maharashtra,kabir.singh825@gmail.com,90%+
2/17/2026 19:19,Kavya Agarwal,Uttar Pradesh,kavya.agarwal903@gmail.com,70-80%
2/12/2026 2:08,Tanya Reddy,Maharashtra,tanya.reddy481@gmail.com,90%+
2/20/2026 0:01,Tanya Pandey,Tamil Nadu,tanya.pandey583@gmail.com,90%+
2/18/2026 8:08,Ananya Das,Karnataka,ananya.das332@gmail.com,90%+
2/16/2026 10:28,Shruti Deshmukh,Delhi,shruti.deshmukh608@gmail.com,90%+
2/13/2026 22:02,Sneha Singh,Telangana,sneha.singh824@gmail.com,80-90%
2/22/2026 7:36,Arjun Patil,Haryana,arjun.patil413@gmail.com,90%+
2/14/2026 1:52,Priya Reddy,Haryana,priya.reddy733@gmail.com,90%+
2/17/2026 10:40,Shruti Iyer,Delhi,shruti.iyer590@gmail.com,90%+
2/13/2026 12:37,Ishaan Verma,Bihar,ishaan.verma151@gmail.com,70-80%
2/19/2026 22:40,Aditya Iyer,Madhya Pradesh,aditya.iyer300@gmail.com,80-90%
2/26/2026 1:33,Vihaan Gupta,Punjab,vihaan.gupta237@gmail.com,90%+
2/22/2026 1:49,Sneha Deshmukh,Delhi,sneha.deshmukh184@gmail.com,80-90%
2/16/2026 17:54,Rohan Yadav,Rajasthan,rohan.yadav694@gmail.com,90%+
2/21/2026 11:23,Ishaan Rajput,Karnataka,ishaan.rajput535@gmail.com,80-90%
2/16/2026 10:21,Karan Reddy,Rajasthan,karan.reddy828@gmail.com,80-90%
2/24/2026 14:18,Ishaan Singh,Odisha,ishaan.singh362@gmail.com,80-90%
2/23/2026 13:56,Sanya Deshmukh,Karnataka,sanya.deshmukh413@gmail.com,80-90%
2/26/2026 0:56,Sanya Patil,Tamil Nadu,sanya.patil175@gmail.com,80-90%
2/14/2026 22:18,Aarav Patil,Madhya Pradesh,aarav.patil598@gmail.com,80-90%
2/12/2026 1:10,Tanya Mehta,Madhya Pradesh,tanya.mehta150@gmail.com,80-90%
2/11/2026 17:34,Riya Sharma,Odisha,riya.sharma788@gmail.com,80-90%
2/18/2026 8:44,Riya Das,Punjab,riya.das255@gmail.com,80-90%
2/22/2026 3:34,Aarav Agarwal,Madhya Pradesh,aarav.agarwal72@gmail.com,90%+
2/12/2026 5:49,Neha Patil,Punjab,neha.patil457@gmail.com,90%+
2/18/2026 9:26,Neha Reddy,Odisha,neha.reddy927@gmail.com,80-90%
2/14/2026 15:18,Meera Mehta,Karnataka,meera.mehta657@gmail.com,90%+
2/25/2026 4:04,Aditya Chauhan,Haryana,aditya.chauhan601@gmail.com,80-90%
2/21/2026 3:58,Aarav Kumar,Gujarat,aarav.kumar216@gmail.com,80-90%
2/17/2026 15:23,Shruti Gupta,Madhya Pradesh,shruti.gupta42@gmail.com,80-90%
2/24/2026 8:21,Sanya Joshi,Rajasthan,sanya.joshi585@gmail.com,80-90%
2/19/2026 18:01,Diya Mehta,Delhi,diya.mehta966@gmail.com,80-90%
2/11/2026 21:24,Ananya Das,Gujarat,ananya.das706@gmail.com,80-90%
2/17/2026 0:44,Karan Sharma,Delhi,karan.sharma305@gmail.com,80-90%
2/15/2026 15:56,Rahul Reddy,Bihar,rahul.reddy763@gmail.com,70-80%
2/16/2026 5:43,Aarav Deshmukh,Gujarat,aarav.deshmukh145@gmail.com,80-90%
2/15/2026 22:58,Kavya Kumar,Maharashtra,kavya.kumar946@gmail.com,90%+
2/19/2026 20:02,Rohan Chauhan,Telangana,rohan.chauhan597@gmail.com,90%+
2/21/2026 11:37,Meera Nair,Karnataka,meera.nair784@gmail.com,90%+
2/26/2026 10:46,Sneha Pandey,Delhi,sneha.pandey775@gmail.com,90%+
2/24/2026 23:15,Riya Rajput,Bihar,riya.rajput117@gmail.com,80-90%
2/25/2026 9:53,Neha Chauhan,Karnataka,neha.chauhan145@gmail.com,70-80%
2/21/2026 10:02,Aditya Pandey,Rajasthan,aditya.pandey192@gmail.com,80-90%
2/13/2026 7:50,Siddharth Verma,Madhya Pradesh,siddharth.verma59@gmail.com,70-80%
2/23/2026 21:44,Vihaan Pandey,Uttar Pradesh,vihaan.pandey180@gmail.com,80-90%
2/21/2026 8:24,Rahul Agarwal,Tamil Nadu,rahul.agarwal513@gmail.com,80-90%
2/19/2026 18:23,Aman Mishra,Gujarat,aman.mishra582@gmail.com,80-90%
2/20/2026 14:07,Vikram Agarwal,Kerala,vikram.agarwal582@gmail.com,70-80%
2/20/2026 17:09,Riya Verma,Punjab,riya.verma90@gmail.com,80-90%
2/16/2026 1:51,Ishaan Mishra,Uttar Pradesh,ishaan.mishra784@gmail.com,70-80%
2/16/2026 2:46,Pooja Gupta,Uttar Pradesh,pooja.gupta626@gmail.com,90%+
2/17/2026 17:34,Vihaan Iyer,West Bengal,vihaan.iyer610@gmail.com,90%+
2/22/2026 15:57,Vikram Pandey,Haryana,vikram.pandey22@gmail.com,90%+
2/17/2026 3:15,Aman Rajput,Haryana,aman.rajput921@gmail.com,70-80%
2/16/2026 0:37,Ishaan Mehta,Haryana,ishaan.mehta823@gmail.com,80-90%
2/22/2026 15:13,Priya Chauhan,Maharashtra,priya.chauhan931@gmail.com,50-60%
2/19/2026 4:19,Rahul Mishra,Telangana,rahul.mishra682@gmail.com,70-80%
2/25/2026 6:55,Aditya Sharma,Odisha,aditya.sharma24@gmail.com,90%+
2/21/2026 23:18,Ananya Reddy,Punjab,ananya.reddy605@gmail.com,70-80%
2/16/2026 3:52,Kavya Rajput,Madhya Pradesh,kavya.rajput784@gmail.com,70-80%
2/16/2026 9:02,Kavya Yadav,Tamil Nadu,kavya.yadav15@gmail.com,90%+
2/13/2026 11:13,Riya Gupta,Gujarat,riya.gupta521@gmail.com,80-90%
2/22/2026 14:54,Aditya Sharma,Telangana,aditya.sharma439@gmail.com,90%+
2/17/2026 1:25,Kavya Sharma,Rajasthan,kavya.sharma206@gmail.com,80-90%
2/19/2026 21:09,Aman Deshmukh,Rajasthan,aman.deshmukh817@gmail.com,80-90%
2/18/2026 1:22,Aman Reddy,Kerala,aman.reddy311@gmail.com,70-80%
2/15/2026 10:46,Sanya Nair,Maharashtra,sanya.nair848@gmail.com,70-80%
2/16/2026 20:25,Siddharth Das,Haryana,siddharth.das75@gmail.com,50-60%
2/19/2026 5:55,Kriti Mishra,Karnataka,kriti.mishra963@gmail.com,90%+
2/23/2026 16:50,Ishaan Chauhan,Odisha,ishaan.chauhan645@gmail.com,70-80%
2/18/2026 2:42,Rahul Verma,Kerala,rahul.verma472@gmail.com,70-80%
2/21/2026 15:09,Sanya Rajput,Tamil Nadu,sanya.rajput752@gmail.com,90%+
2/22/2026 20:34,Diya Yadav,West Bengal,diya.yadav905@gmail.com,90%+
2/15/2026 14:27,Kabir Singh,Karnataka,kabir.singh939@gmail.com,90%+
2/20/2026 5:31,Arjun Gupta,Karnataka,arjun.gupta959@gmail.com,80-90%
2/13/2026 8:15,Diya Bose,Delhi,diya.bose49@gmail.com,80-90%
2/22/2026 20:19,Kabir Joshi,Gujarat,kabir.joshi398@gmail.com,90%+
2/13/2026 11:40,Sneha Das,West Bengal,sneha.das389@gmail.com,70-80%
2/14/2026 7:28,Rohan Chauhan,Bihar,rohan.chauhan445@gmail.com,80-90%
2/25/2026 1:22,Ananya Verma,Rajasthan,ananya.verma38@gmail.com,70-80%
2/19/2026 22:09,Kavya Iyer,Kerala,kavya.iyer729@gmail.com,90%+
2/20/2026 19:26,Shruti Iyer,Haryana,shruti.iyer748@gmail.com,90%+
2/16/2026 21:26,Rahul Patil,Punjab,rahul.patil852@gmail.com,90%+
2/12/2026 10:33,Karan Chauhan,Kerala,karan.chauhan358@gmail.com,80-90%
2/13/2026 10:27,Aditya Singh,Gujarat,aditya.singh220@gmail.com,80-90%
2/22/2026 6:17,Shruti Yadav,Madhya Pradesh,shruti.yadav651@gmail.com,90%+
2/21/2026 14:42,Meera Singh,Odisha,meera.singh603@gmail.com,80-90%
2/16/2026 9:52,Diya Nair,Maharashtra,diya.nair85@gmail.com,70-80%
2/14/2026 2:27,Priya Sharma,Haryana,priya.sharma184@gmail.com,80-90%
2/22/2026 9:15,Kriti Rajput,West Bengal,kriti.rajput881@gmail.com,70-80%
2/22/2026 2:06,Pooja Das,Maharashtra,pooja.das802@gmail.com,90%+
2/13/2026 15:01,Rahul Joshi,Gujarat,rahul.joshi507@gmail.com,90%+
2/20/2026 17:05,Ananya Kumar,Madhya Pradesh,ananya.kumar442@gmail.com,90%+
2/17/2026 1:05,Rahul Kumar,Karnataka,rahul.kumar413@gmail.com,80-90%
2/13/2026 2:13,Kabir Mishra,Kerala,kabir.mishra768@gmail.com,60-70 %
2/14/2026 5:47,Neha Yadav,Haryana,neha.yadav337@gmail.com,90%+
2/25/2026 6:18,Ishaan Nair,Maharashtra,ishaan.nair265@gmail.com,90%+
2/15/2026 19:02,Shruti Deshmukh,Gujarat,shruti.deshmukh364@gmail.com,90%+
2/18/2026 16:40,Sneha Singh,Punjab,sneha.singh502@gmail.com,90%+
2/23/2026 9:23,Tanya Nair,Bihar,tanya.nair423@gmail.com,80-90%
2/13/2026 6:13,Kriti Bose,Odisha,kriti.bose343@gmail.com,80-90%
2/26/2026 1:04,Ananya Das,Madhya Pradesh,ananya.das395@gmail.com,70-80%
2/24/2026 16:56,Meera Nair,Telangana,meera.nair438@gmail.com,80-90%
2/21/2026 20:31,Karan Patil,Punjab,karan.patil64@gmail.com,90%+
2/12/2026 16:54,Priya Mehta,Odisha,priya.mehta672@gmail.com,90%+
2/13/2026 17:20,Arjun Reddy,West Bengal,arjun.reddy493@gmail.com,80-90%
2/24/2026 4:00,Sneha Patil,Delhi,sneha.patil88@gmail.com,90%+
2/24/2026 13:04,Pooja Yadav,Kerala,pooja.yadav661@gmail.com,80-90%
2/13/2026 5:04,Meera Agarwal,Rajasthan,meera.agarwal817@gmail.com,90%+
2/23/2026 9:42,Sneha Nair,Telangana,sneha.nair330@gmail.com,90%+
2/12/2026 9:18,Karan Reddy,Gujarat,karan.reddy557@gmail.com,70-80%
2/23/2026 15:00,Pooja Verma,Delhi,pooja.verma391@gmail.com,90%+
2/13/2026 20:12,Pooja Chauhan,Delhi,pooja.chauhan714@gmail.com,80-90%
2/15/2026 3:57,Vikram Mehta,Maharashtra,vikram.mehta419@gmail.com,90%+
2/11/2026 22:35,Rohan Pandey,Bihar,rohan.pandey334@gmail.com,90%+
2/12/2026 17:21,Shruti Sharma,West Bengal,shruti.sharma920@gmail.com,80-90%
2/23/2026 0:24,Pooja Sharma,Madhya Pradesh,pooja.sharma306@gmail.com,90%+
2/24/2026 11:39,Tanya Deshmukh,West Bengal,tanya.deshmukh649@gmail.com,80-90%
2/24/2026 18:04,Rahul Patil,West Bengal,rahul.patil615@gmail.com,80-90%
2/17/2026 1:55,Tanya Mehta,Odisha,tanya.mehta881@gmail.com,90%+
2/26/2026 8:17,Pooja Singh,Karnataka,pooja.singh186@gmail.com,70-80%
2/13/2026 22:42,Kriti Rajput,Punjab,kriti.rajput22@gmail.com,90%+
2/17/2026 21:11,Rohan Mishra,Maharashtra,rohan.mishra238@gmail.com,80-90%
2/25/2026 10:56,Diya Bose,Punjab,diya.bose411@gmail.com,90%+
2/15/2026 21:13,Ishaan Iyer,Bihar,ishaan.iyer963@gmail.com,90%+
2/16/2026 11:51,Meera Bose,Odisha,meera.bose678@gmail.com,90%+
2/22/2026 5:15,Siddharth Gupta,Delhi,siddharth.gupta923@gmail.com,80-90%
2/12/2026 19:25,Shruti Rajput,Maharashtra,shruti.rajput55@gmail.com,70-80%
2/17/2026 13:57,Ananya Joshi,Gujarat,ananya.joshi932@gmail.com,90%+
2/24/2026 22:32,Kriti Rajput,Gujarat,kriti.rajput916@gmail.com,80-90%
2/18/2026 19:09,Shruti Mehta,Haryana,shruti.mehta58@gmail.com,80-90%
2/18/2026 7:57,Kabir Mehta,Rajasthan,kabir.mehta174@gmail.com,80-90%
2/21/2026 14:18,Aman Verma,Uttar Pradesh,aman.verma597@gmail.com,90%+
2/12/2026 5:11,Arjun Bose,Madhya Pradesh,arjun.bose290@gmail.com,90%+
2/11/2026 21:04,Rahul Chauhan,Delhi,rahul.chauhan80@gmail.com,70-80%
2/22/2026 8:00,Vikram Bose,Punjab,vikram.bose652@gmail.com,80-90%
2/18/2026 9:52,Kavya Yadav,Karnataka,kavya.yadav983@gmail.com,70-80%
2/20/2026 22:28,Siddharth Deshmukh,Telangana,siddharth.deshmukh309@gmail.com,90%+
2/13/2026 7:59,Meera Pandey,Maharashtra,meera.pandey64@gmail.com,70-80%
2/13/2026 1:45,Ananya Das,Telangana,ananya.das697@gmail.com,90%+
2/13/2026 15:19,Neha Chauhan,Tamil Nadu,neha.chauhan810@gmail.com,70-80%
2/25/2026 1:07,Sanya Sharma,Madhya Pradesh,sanya.sharma204@gmail.com,90%+
2/24/2026 17:11,Arjun Verma,West Bengal,arjun.verma107@gmail.com,70-80%
2/20/2026 10:33,Priya Pandey,Haryana,priya.pandey746@gmail.com,90%+
2/14/2026 19:24,Aditya Sharma,Rajasthan,aditya.sharma953@gmail.com,90%+
2/12/2026 21:13,Aditya Deshmukh,Delhi,aditya.deshmukh58@gmail.com,80-90%
2/19/2026 10:42,Shruti Bose,Madhya Pradesh,shruti.bose325@gmail.com,70-80%
2/21/2026 18:23,Priya Gupta,Bihar,priya.gupta329@gmail.com,90%+
2/21/2026 0:00,Riya Agarwal,Madhya Pradesh,riya.agarwal991@gmail.com,80-90%
2/26/2026 7:49,Meera Sharma,Madhya Pradesh,meera.sharma134@gmail.com,50-60%
2/18/2026 8:11,Rohan Deshmukh,Uttar Pradesh,rohan.deshmukh379@gmail.com,70-80%
2/22/2026 17:20,Aarav Singh,West Bengal,aarav.singh437@gmail.com,80-90%
2/25/2026 23:30,Ishaan Gupta,Punjab,ishaan.gupta848@gmail.com,80-90%
2/21/2026 22:00,Pooja Reddy,Rajasthan,pooja.reddy402@gmail.com,90%+
2/12/2026 14:29,Vikram Das,Madhya Pradesh,vikram.das689@gmail.com,90%+
2/12/2026 18:25,Vihaan Das,Bihar,vihaan.das792@gmail.com,90%+
2/26/2026 14:50,Karan Singh,Gujarat,karan.singh327@gmail.com,80-90%
2/20/2026 15:32,Priya Verma,Uttar Pradesh,priya.verma351@gmail.com,90%+
2/24/2026 5:54,Rahul Kumar,Kerala,rahul.kumar23@gmail.com,80-90%
2/25/2026 2:14,Diya Mehta,Maharashtra,diya.mehta289@gmail.com,90%+
2/24/2026 4:49,Meera Singh,Karnataka,meera.singh787@gmail.com,80-90%
2/13/2026 12:17,Arjun Mishra,Telangana,arjun.mishra777@gmail.com,80-90%
2/18/2026 23:39,Meera Joshi,Tamil Nadu,meera.joshi883@gmail.com,80-90%
2/21/2026 7:25,Riya Mishra,Rajasthan,riya.mishra133@gmail.com,70-80%
2/16/2026 5:43,Sneha Pandey,Bihar,sneha.pandey117@gmail.com,60-70 %
2/21/2026 15:46,Vikram Kumar,Bihar,vikram.kumar32@gmail.com,90%+
2/15/2026 9:39,Vikram Joshi,Delhi,vikram.joshi779@gmail.com,90%+
2/12/2026 21:25,Pooja Gupta,Delhi,pooja.gupta619@gmail.com,80-90%
2/17/2026 14:38,Sneha Pandey,Telangana,sneha.pandey302@gmail.com,90%+
2/19/2026 8:41,Sanya Bose,Bihar,sanya.bose289@gmail.com,80-90%
2/14/2026 23:31,Priya Singh,Uttar Pradesh,priya.singh921@gmail.com,80-90%
2/26/2026 15:22,Tanya Reddy,Kerala,tanya.reddy859@gmail.com,80-90%
2/16/2026 20:36,Sneha Chauhan,Gujarat,sneha.chauhan436@gmail.com,70-80%
2/21/2026 19:29,Riya Chauhan,Kerala,riya.chauhan170@gmail.com,90%+
2/21/2026 20:24,Priya Singh,Madhya Pradesh,priya.singh778@gmail.com,50-60%
2/19/2026 0:40,Pooja Kumar,Punjab,pooja.kumar175@gmail.com,80-90%
2/25/2026 17:34,Pooja Pandey,Kerala,pooja.pandey815@gmail.com,80-90%
2/23/2026 15:46,Sanya Sharma,Punjab,sanya.sharma438@gmail.com,80-90%
2/20/2026 11:31,Vihaan Reddy,West Bengal,vihaan.reddy20@gmail.com,70-80%
2/13/2026 7:19,Aditya Mishra,Punjab,aditya.mishra568@gmail.com,90%+
2/16/2026 9:31,Vikram Gupta,Rajasthan,vikram.gupta438@gmail.com,90%+
2/20/2026 16:17,Siddharth Pandey,Gujarat,siddharth.pandey206@gmail.com,90%+
2/17/2026 14:44,Ishaan Yadav,West Bengal,ishaan.yadav337@gmail.com,80-90%
2/20/2026 4:00,Diya Iyer,Uttar Pradesh,diya.iyer526@gmail.com,90%+
2/26/2026 5:55,Sneha Singh,Kerala,sneha.singh549@gmail.com,90%+
2/24/2026 23:48,Sneha Joshi,Kerala,sneha.joshi334@gmail.com,80-90%
2/12/2026 22:15,Riya Iyer,Rajasthan,riya.iyer934@gmail.com,80-90%
2/24/2026 10:25,Rahul Pandey,Uttar Pradesh,rahul.pandey439@gmail.com,80-90%
2/19/2026 12:59,Karan Rajput,Delhi,karan.rajput757@gmail.com,70-80%
2/14/2026 9:39,Kriti Deshmukh,Kerala,kriti.deshmukh783@gmail.com,90%+
2/18/2026 18:47,Ishaan Pandey,Gujarat,ishaan.pandey575@gmail.com,80-90%
2/20/2026 4:30,Ishaan Pandey,Tamil Nadu,ishaan.pandey684@gmail.com,90%+
2/23/2026 10:00,Meera Kumar,Tamil Nadu,meera.kumar725@gmail.com,90%+
2/13/2026 6:41,Neha Deshmukh,Kerala,neha.deshmukh291@gmail.com,90%+
2/22/2026 16:11,Kriti Yadav,Delhi,kriti.yadav493@gmail.com,90%+
2/21/2026 1:38,Kabir Deshmukh,Karnataka,kabir.deshmukh589@gmail.com,90%+
2/15/2026 2:55,Kabir Nair,Haryana,kabir.nair862@gmail.com,80-90%
2/23/2026 13:03,Siddharth Rajput,Maharashtra,siddharth.rajput358@gmail.com,70-80%
2/24/2026 17:06,Sneha Singh,Maharashtra,sneha.singh314@gmail.com,90%+
2/12/2026 1:43,Karan Sharma,Karnataka,karan.sharma958@gmail.com,80-90%
2/19/2026 3:37,Neha Chauhan,Haryana,neha.chauhan105@gmail.com,90%+
2/22/2026 22:06,Kriti Patil,Gujarat,kriti.patil712@gmail.com,80-90%
2/24/2026 21:06,Shruti Patil,Rajasthan,shruti.patil658@gmail.com,70-80%
2/19/2026 22:51,Priya Kumar,Madhya Pradesh,priya.kumar727@gmail.com,70-80%
2/16/2026 6:05,Kabir Rajput,Bihar,kabir.rajput318@gmail.com,90%+
2/26/2026 10:55,Vihaan Yadav,Karnataka,vihaan.yadav673@gmail.com,90%+
2/11/2026 19:58,Sneha Das,Telangana,sneha.das755@gmail.com,80-90%
2/20/2026 14:07,Siddharth Chauhan,Bihar,siddharth.chauhan530@gmail.com,80-90%
2/25/2026 18:38,Priya Iyer,Haryana,priya.iyer662@gmail.com,90%+
2/25/2026 10:08,Ishaan Mishra,Madhya Pradesh,ishaan.mishra624@gmail.com,50-60%
2/18/2026 23:41,Riya Bose,West Bengal,riya.bose528@gmail.com,90%+
2/18/2026 8:56,Meera Chauhan,Uttar Pradesh,meera.chauhan91@gmail.com,90%+
2/19/2026 10:49,Kavya Sharma,Punjab,kavya.sharma844@gmail.com,70-80%
2/17/2026 5:57,Vikram Reddy,Telangana,vikram.reddy883@gmail.com,80-90%
2/13/2026 22:42,Aman Agarwal,Punjab,aman.agarwal999@gmail.com,80-90%
2/17/2026 17:23,Siddharth Deshmukh,Karnataka,siddharth.deshmukh632@gmail.com,70-80%
2/24/2026 20:06,Pooja Nair,Haryana,pooja.nair481@gmail.com,80-90%
2/19/2026 4:17,Kabir Patil,Delhi,kabir.patil593@gmail.com,80-90%
2/21/2026 22:12,Aarav Das,Tamil Nadu,aarav.das183@gmail.com,90%+
2/21/2026 15:05,Tanya Kumar,Madhya Pradesh,tanya.kumar545@gmail.com,90%+
2/23/2026 16:44,Sneha Singh,Rajasthan,sneha.singh765@gmail.com,90%+
2/19/2026 6:40,Karan Bose,Maharashtra,karan.bose838@gmail.com,80-90%
2/21/2026 2:06,Kabir Bose,Karnataka,kabir.bose641@gmail.com,70-80%
2/21/2026 4:03,Sneha Reddy,Rajasthan,sneha.reddy742@gmail.com,80-90%
2/12/2026 1:40,Shruti Chauhan,Punjab,shruti.chauhan778@gmail.com,90%+
2/11/2026 19:36,Aman Mehta,Punjab,aman.mehta691@gmail.com,80-90%
2/20/2026 16:01,Meera Deshmukh,Delhi,meera.deshmukh144@gmail.com,70-80%
2/15/2026 20:41,Diya Gupta,Odisha,diya.gupta615@gmail.com,60-70 %
2/24/2026 13:48,Kriti Patil,Karnataka,kriti.patil132@gmail.com,90%+
2/25/2026 10:09,Vikram Patil,Odisha,vikram.patil284@gmail.com,90%+
2/19/2026 0:24,Aman Chauhan,Maharashtra,aman.chauhan845@gmail.com,90%+
2/20/2026 14:14,Ananya Deshmukh,West Bengal,ananya.deshmukh570@gmail.com,70-80%
2/17/2026 17:26,Aditya Yadav,Odisha,aditya.yadav210@gmail.com,80-90%
2/20/2026 10:17,Meera Mishra,Kerala,meera.mishra101@gmail.com,80-90%
2/21/2026 20:34,Aman Yadav,Karnataka,aman.yadav900@gmail.com,90%+
2/16/2026 4:34,Vikram Mehta,Delhi,vikram.mehta970@gmail.com,80-90%
2/25/2026 9:01,Arjun Bose,Telangana,arjun.bose887@gmail.com,90%+
2/19/2026 12:17,Meera Mishra,Delhi,meera.mishra744@gmail.com,70-80%
2/21/2026 0:23,Arjun Joshi,Bihar,arjun.joshi729@gmail.com,80-90%
2/13/2026 5:53,Arjun Mishra,Bihar,arjun.mishra222@gmail.com,70-80%
2/15/2026 8:32,Kriti Gupta,Bihar,kriti.gupta99@gmail.com,80-90%
2/13/2026 17:07,Shruti Agarwal,Gujarat,shruti.agarwal383@gmail.com,80-90%
2/15/2026 14:29,Ananya Joshi,Punjab,ananya.joshi578@gmail.com,90%+
2/18/2026 22:14,Aman Bose,Rajasthan,aman.bose552@gmail.com,80-90%
2/21/2026 21:22,Pooja Rajput,Rajasthan,pooja.rajput875@gmail.com,90%+
2/19/2026 23:47,Rahul Das,Haryana,rahul.das76@gmail.com,80-90%
2/12/2026 19:04,Pooja Patil,Odisha,pooja.patil556@gmail.com,90%+
2/19/2026 16:19,Ishaan Deshmukh,Maharashtra,ishaan.deshmukh188@gmail.com,70-80%
2/18/2026 10:05,Aman Agarwal,Delhi,aman.agarwal31@gmail.com,90%+
2/25/2026 7:57,Vihaan Rajput,Tamil Nadu,vihaan.rajput614@gmail.com,70-80%
2/17/2026 17:42,Neha Yadav,Tamil Nadu,neha.yadav293@gmail.com,90%+
2/23/2026 3:51,Vikram Deshmukh,Haryana,vikram.deshmukh919@gmail.com,80-90%
2/18/2026 1:42,Kriti Kumar,Uttar Pradesh,kriti.kumar514@gmail.com,80-90%
2/25/2026 2:18,Sneha Rajput,Punjab,sneha.rajput811@gmail.com,90%+
2/24/2026 0:28,Shruti Verma,West Bengal,shruti.verma417@gmail.com,80-90%
2/22/2026 4:50,Aarav Singh,Karnataka,aarav.singh831@gmail.com,90%+
2/13/2026 21:07,Aditya Patil,Gujarat,aditya.patil305@gmail.com,90%+
2/14/2026 3:37,Ananya Sharma,Madhya Pradesh,ananya.sharma671@gmail.com,70-80%
2/15/2026 3:59,Tanya Kumar,Maharashtra,tanya.kumar425@gmail.com,90%+
2/26/2026 4:44,Priya Patil,Madhya Pradesh,priya.patil815@gmail.com,80-90%
2/17/2026 13:12,Kriti Chauhan,Uttar Pradesh,kriti.chauhan148@gmail.com,50-60%
2/22/2026 22:13,Riya Bose,Odisha,riya.bose576@gmail.com,80-90%
2/25/2026 11:41,Kriti Reddy,Uttar Pradesh,kriti.reddy93@gmail.com,90%+
2/23/2026 17:36,Priya Kumar,Delhi,priya.kumar462@gmail.com,80-90%
2/15/2026 12:46,Meera Mehta,Telangana,meera.mehta294@gmail.com,80-90%
2/15/2026 5:09,Neha Pandey,Bihar,neha.pandey109@gmail.com,90%+
2/15/2026 15:49,Siddharth Pandey,Rajasthan,siddharth.pandey828@gmail.com,70-80%
2/22/2026 17:23,Vihaan Sharma,Gujarat,vihaan.sharma23@gmail.com,90%+
2/26/2026 0:53,Kriti Rajput,Haryana,kriti.rajput200@gmail.com,80-90%
2/16/2026 12:59,Kabir Gupta,Kerala,kabir.gupta795@gmail.com,90%+
2/20/2026 8:07,Aditya Bose,Rajasthan,aditya.bose741@gmail.com,90%+
2/13/2026 20:01,Siddharth Rajput,Gujarat,siddharth.rajput913@gmail.com,80-90%
2/20/2026 7:53,Arjun Patil,Punjab,arjun.patil786@gmail.com,80-90%
2/19/2026 23:48,Sneha Das,Punjab,sneha.das957@gmail.com,80-90%
2/20/2026 3:06,Pooja Mishra,Telangana,pooja.mishra149@gmail.com,80-90%
2/16/2026 10:36,Rohan Rajput,Gujarat,rohan.rajput345@gmail.com,90%+
2/21/2026 6:41,Sanya Yadav,Gujarat,sanya.yadav682@gmail.com,80-90%
2/17/2026 17:26,Diya Joshi,Bihar,diya.joshi536@gmail.com,70-80%
2/22/2026 2:16,Kavya Bose,Gujarat,kavya.bose938@gmail.com,90%+
2/26/2026 9:07,Tanya Iyer,Karnataka,tanya.iyer154@gmail.com,70-80%
2/23/2026 4:30,Arjun Singh,Bihar,arjun.singh434@gmail.com,80-90%
2/19/2026 16:51,Vikram Singh,Uttar Pradesh,vikram.singh333@gmail.com,80-90%
2/15/2026 4:56,Aditya Gupta,Tamil Nadu,aditya.gupta236@gmail.com,70-80%
2/21/2026 23:35,Diya Rajput,Odisha,diya.rajput556@gmail.com,80-90%
2/17/2026 15:39,Aditya Joshi,Delhi,aditya.joshi453@gmail.com,90%+
2/15/2026 11:02,Aman Agarwal,West Bengal,aman.agarwal875@gmail.com,90%+
2/24/2026 2:49,Riya Joshi,Haryana,riya.joshi314@gmail.com,90%+
2/13/2026 2:34,Tanya Gupta,Madhya Pradesh,tanya.gupta863@gmail.com,80-90%
2/12/2026 7:04,Kabir Verma,Maharashtra,kabir.verma938@gmail.com,90%+
2/17/2026 5:11,Aman Joshi,Madhya Pradesh,aman.joshi392@gmail.com,80-90%
2/17/2026 9:20,Kriti Deshmukh,Telangana,kriti.deshmukh667@gmail.com,90%+
2/12/2026 4:23,Kabir Iyer,Rajasthan,kabir.iyer739@gmail.com,70-80%
2/23/2026 17:09,Vikram Patil,Gujarat,vikram.patil313@gmail.com,90%+
2/17/2026 10:36,Aarav Kumar,Rajasthan,aarav.kumar520@gmail.com,80-90%
2/24/2026 4:48,Siddharth Gupta,Delhi,siddharth.gupta346@gmail.com,90%+
2/18/2026 11:37,Sneha Deshmukh,Haryana,sneha.deshmukh56@gmail.com,50-60%
2/21/2026 19:32,Pooja Reddy,Bihar,pooja.reddy561@gmail.com,90%+
2/16/2026 12:35,Vihaan Chauhan,Haryana,vihaan.chauhan927@gmail.com,90%+
2/17/2026 8:43,Priya Joshi,Tamil Nadu,priya.joshi952@gmail.com,70-80%
2/18/2026 10:37,Shruti Pandey,Telangana,shruti.pandey729@gmail.com,80-90%
2/20/2026 21:16,Meera Deshmukh,Rajasthan,meera.deshmukh190@gmail.com,80-90%
2/19/2026 19:44,Priya Deshmukh,Madhya Pradesh,priya.deshmukh165@gmail.com,90%+
2/13/2026 22:10,Karan Mehta,Kerala,karan.mehta337@gmail.com,50-60%
2/19/2026 13:22,Arjun Gupta,Delhi,arjun.gupta324@gmail.com,70-80%
2/20/2026 20:59,Kriti Yadav,Delhi,kriti.yadav248@gmail.com,70-80%
2/18/2026 9:00,Pooja Iyer,Rajasthan,pooja.iyer416@gmail.com,90%+
2/17/2026 12:56,Vikram Verma,Telangana,vikram.verma303@gmail.com,90%+
2/25/2026 16:25,Sanya Bose,Maharashtra,sanya.bose218@gmail.com,80-90%
2/16/2026 6:11,Pooja Iyer,Rajasthan,pooja.iyer204@gmail.com,80-90%
2/20/2026 2:47,Vikram Reddy,Maharashtra,vikram.reddy408@gmail.com,70-80%
2/24/2026 3:14,Neha Pandey,Kerala,neha.pandey761@gmail.com,80-90%
2/21/2026 11:14,Aarav Reddy,Maharashtra,aarav.reddy400@gmail.com,90%+
2/19/2026 3:54,Kabir Yadav,Rajasthan,kabir.yadav60@gmail.com,80-90%
2/12/2026 5:26,Aarav Nair,Kerala,aarav.nair540@gmail.com,80-90%
2/24/2026 15:17,Vikram Yadav,Uttar Pradesh,vikram.yadav321@gmail.com,70-80%
2/26/2026 10:04,Neha Reddy,Telangana,neha.reddy645@gmail.com,90%+
2/20/2026 15:38,Rohan Pandey,Haryana,rohan.pandey124@gmail.com,90%+
2/21/2026 18:20,Siddharth Kumar,Tamil Nadu,siddharth.kumar794@gmail.com,70-80%
2/22/2026 0:48,Pooja Chauhan,Odisha,pooja.chauhan251@gmail.com,90%+
2/18/2026 9:16,Sneha Chauhan,Kerala,sneha.chauhan685@gmail.com,90%+
2/21/2026 23:06,Neha Patil,Tamil Nadu,neha.patil270@gmail.com,90%+
2/19/2026 8:40,Kavya Sharma,Telangana,kavya.sharma20@gmail.com,70-80%
2/14/2026 8:54,Rahul Chauhan,Delhi,rahul.chauhan805@gmail.com,70-80%
2/12/2026 15:27,Karan Mishra,Telangana,karan.mishra292@gmail.com,60-70 %
2/20/2026 12:06,Priya Agarwal,Karnataka,priya.agarwal357@gmail.com,90%+
2/24/2026 3:44,Ishaan Gupta,Gujarat,ishaan.gupta294@gmail.com,90%+
2/24/2026 6:02,Priya Gupta,Bihar,priya.gupta945@gmail.com,80-90%
2/13/2026 4:52,Rohan Mehta,Maharashtra,rohan.mehta291@gmail.com,90%+
2/25/2026 20:18,Riya Chauhan,Haryana,riya.chauhan739@gmail.com,70-80%
2/25/2026 13:57,Diya Joshi,Bihar,diya.joshi476@gmail.com,80-90%
2/18/2026 20:56,Ishaan Singh,Gujarat,ishaan.singh456@gmail.com,90%+
2/24/2026 0:09,Aditya Verma,Kerala,aditya.verma404@gmail.com,90%+
2/15/2026 9:03,Arjun Das,Madhya Pradesh,arjun.das935@gmail.com,80-90%
2/14/2026 13:28,Vihaan Iyer,Tamil Nadu,vihaan.iyer179@gmail.com,60-70 %
2/22/2026 16:45,Vihaan Mishra,Bihar,vihaan.mishra608@gmail.com,70-80%
2/12/2026 8:40,Shruti Joshi,Karnataka,shruti.joshi929@gmail.com,60-70 %
2/14/2026 0:43,Ananya Chauhan,Bihar,ananya.chauhan547@gmail.com,80-90%
2/18/2026 17:18,Ishaan Gupta,Telangana,ishaan.gupta710@gmail.com,70-80%
2/17/2026 2:55,Diya Deshmukh,Haryana,diya.deshmukh153@gmail.com,90%+
2/20/2026 6:14,Karan Das,Maharashtra,karan.das247@gmail.com,80-90%
2/14/2026 16:23,Kabir Agarwal,West Bengal,kabir.agarwal972@gmail.com,80-90%
2/17/2026 8:40,Tanya Mishra,Haryana,tanya.mishra464@gmail.com,80-90%
2/22/2026 0:40,Neha Mehta,Karnataka,neha.mehta824@gmail.com,90%+
2/22/2026 3:26,Rohan Singh,Rajasthan,rohan.singh387@gmail.com,80-90%
2/19/2026 15:29,Rohan Gupta,Telangana,rohan.gupta935@gmail.com,80-90%
2/18/2026 5:26,Ananya Verma,West Bengal,ananya.verma389@gmail.com,80-90%
2/15/2026 18:42,Arjun Sharma,Karnataka,arjun.sharma366@gmail.com,80-90%
2/24/2026 1:06,Rohan Patil,Bihar,rohan.patil326@gmail.com,60-70 %
2/25/2026 8:27,Ananya Das,Karnataka,ananya.das527@gmail.com,90%+
2/22/2026 4:07,Vihaan Agarwal,Bihar,vihaan.agarwal987@gmail.com,90%+
2/13/2026 2:08,Meera Kumar,Gujarat,meera.kumar460@gmail.com,90%+
2/13/2026 3:18,Aman Sharma,West Bengal,aman.sharma367@gmail.com,80-90%
2/11/2026 17:42,Arjun Das,Odisha,arjun.das874@gmail.com,80-90%
2/20/2026 5:19,Rohan Joshi,Bihar,rohan.joshi104@gmail.com,90%+
2/14/2026 1:41,Siddharth Iyer,Haryana,siddharth.iyer51@gmail.com,80-90%
2/17/2026 15:35,Priya Iyer,Tamil Nadu,priya.iyer799@gmail.com,90%+
2/12/2026 12:00,Kabir Patil,Haryana,kabir.patil699@gmail.com,90%+
2/21/2026 16:42,Karan Patil,Delhi,karan.patil157@gmail.com,90%+
2/20/2026 6:15,Karan Iyer,Uttar Pradesh,karan.iyer685@gmail.com,90%+
2/26/2026 1:39,Aditya Pandey,Karnataka,aditya.pandey493@gmail.com,80-90%
2/17/2026 4:04,Kabir Gupta,Karnataka,kabir.gupta714@gmail.com,90%+
2/23/2026 5:22,Priya Verma,Tamil Nadu,priya.verma145@gmail.com,80-90%
2/18/2026 4:38,Aman Mehta,Tamil Nadu,aman.mehta86@gmail.com,80-90%
2/18/2026 0:44,Kriti Mehta,Delhi,kriti.mehta670@gmail.com,90%+
2/14/2026 21:10,Riya Verma,Madhya Pradesh,riya.verma294@gmail.com,80-90%
2/23/2026 14:44,Sanya Das,Kerala,sanya.das492@gmail.com,80-90%
2/17/2026 10:34,Riya Nair,Rajasthan,riya.nair521@gmail.com,90%+
2/15/2026 5:56,Meera Sharma,Bihar,meera.sharma436@gmail.com,90%+
2/26/2026 11:09,Aarav Patil,Bihar,aarav.patil249@gmail.com,90%+
2/25/2026 1:22,Ananya Patil,Odisha,ananya.patil747@gmail.com,80-90%
2/24/2026 0:39,Riya Chauhan,Madhya Pradesh,riya.chauhan520@gmail.com,70-80%
2/22/2026 2:26,Arjun Das,Rajasthan,arjun.das493@gmail.com,70-80%
2/16/2026 17:56,Kabir Reddy,Haryana,kabir.reddy616@gmail.com,90%+
2/20/2026 12:15,Neha Joshi,Madhya Pradesh,neha.joshi851@gmail.com,90%+
2/14/2026 4:38,Riya Agarwal,Madhya Pradesh,riya.agarwal535@gmail.com,70-80%
2/23/2026 5:09,Ananya Mehta,Delhi,ananya.mehta13@gmail.com,80-90%
2/14/2026 4:18,Kavya Rajput,Rajasthan,kavya.rajput253@gmail.com,60-70 %
2/19/2026 6:52,Ishaan Verma,Kerala,ishaan.verma634@gmail.com,60-70 %
2/15/2026 4:29,Ananya Singh,Kerala,ananya.singh461@gmail.com,80-90%
2/11/2026 21:02,Pooja Sharma,Telangana,pooja.sharma929@gmail.com,90%+
2/13/2026 11:50,Ananya Mehta,Odisha,ananya.mehta546@gmail.com,90%+
2/26/2026 1:22,Priya Agarwal,Rajasthan,priya.agarwal717@gmail.com,90%+
2/16/2026 20:19,Karan Yadav,West Bengal,karan.yadav765@gmail.com,80-90%
2/22/2026 10:53,Vikram Mehta,Uttar Pradesh,vikram.mehta545@gmail.com,90%+
2/18/2026 16:32,Kriti Patil,Rajasthan,kriti.patil874@gmail.com,90%+
2/13/2026 3:53,Siddharth Kumar,Delhi,siddharth.kumar119@gmail.com,90%+
2/12/2026 21:47,Aditya Joshi,Haryana,aditya.joshi664@gmail.com,80-90%
2/24/2026 18:49,Vihaan Kumar,Haryana,vihaan.kumar150@gmail.com,90%+
2/22/2026 3:59,Kabir Sharma,Telangana,kabir.sharma504@gmail.com,70-80%
2/20/2026 5:28,Vikram Gupta,Gujarat,vikram.gupta411@gmail.com,70-80%
2/12/2026 22:55,Vikram Kumar,Maharashtra,vikram.kumar672@gmail.com,80-90%
2/15/2026 19:18,Sneha Mehta,Telangana,sneha.mehta405@gmail.com,90%+
2/14/2026 3:29,Rohan Pandey,Maharashtra,rohan.pandey13@gmail.com,90%+
2/17/2026 7:10,Aman Mishra,Tamil Nadu,aman.mishra730@gmail.com,80-90%
2/19/2026 13:01,Ishaan Iyer,Uttar Pradesh,ishaan.iyer626@gmail.com,50-60%
2/15/2026 7:34,Diya Nair,Kerala,diya.nair219@gmail.com,70-80%
2/19/2026 13:31,Rahul Reddy,West Bengal,rahul.reddy559@gmail.com,70-80%
2/12/2026 0:49,Aarav Rajput,Bihar,aarav.rajput333@gmail.com,90%+
2/15/2026 7:29,Aditya Patil,Maharashtra,aditya.patil708@gmail.com,70-80%
2/13/2026 9:06,Meera Iyer,Telangana,meera.iyer831@gmail.com,80-90%
2/24/2026 14:18,Shruti Singh,Rajasthan,shruti.singh148@gmail.com,70-80%
2/15/2026 15:25,Priya Patil,Uttar Pradesh,priya.patil200@gmail.com,80-90%
2/12/2026 2:24,Neha Agarwal,Telangana,neha.agarwal543@gmail.com,90%+
2/25/2026 5:24,Kabir Gupta,Telangana,kabir.gupta307@gmail.com,90%+
2/25/2026 8:34,Siddharth Nair,Maharashtra,siddharth.nair569@gmail.com,80-90%
2/22/2026 5:36,Vikram Rajput,Rajasthan,vikram.rajput167@gmail.com,80-90%
2/21/2026 13:54,Sneha Reddy,West Bengal,sneha.reddy633@gmail.com,80-90%
2/24/2026 4:28,Vikram Bose,Haryana,vikram.bose775@gmail.com,80-90%
2/11/2026 20:57,Shruti Bose,Delhi,shruti.bose988@gmail.com,80-90%
2/13/2026 20:30,Vikram Nair,Maharashtra,vikram.nair557@gmail.com,80-90%
2/14/2026 7:41,Tanya Deshmukh,Uttar Pradesh,tanya.deshmukh787@gmail.com,80-90%
2/12/2026 8:56,Karan Sharma,Kerala,karan.sharma145@gmail.com,80-90%
2/22/2026 11:19,Arjun Singh,Telangana,arjun.singh445@gmail.com,90%+
2/26/2026 3:12,Meera Chauhan,Uttar Pradesh,meera.chauhan330@gmail.com,80-90%
2/23/2026 0:18,Aarav Mishra,Haryana,aarav.mishra177@gmail.com,80-90%
2/22/2026 1:17,Tanya Pandey,Haryana,tanya.pandey10@gmail.com,80-90%
2/18/2026 1:10,Meera Mishra,Bihar,meera.mishra859@gmail.com,80-90%
2/20/2026 13:49,Karan Verma,Maharashtra,karan.verma327@gmail.com,90%+
2/12/2026 14:16,Sanya Patil,Rajasthan,sanya.patil479@gmail.com,90%+
2/17/2026 1:43,Riya Patil,West Bengal,riya.patil366@gmail.com,90%+
2/12/2026 0:10,Sneha Nair,Madhya Pradesh,sneha.nair863@gmail.com,80-90%
2/23/2026 11:34,Neha Chauhan,West Bengal,neha.chauhan650@gmail.com,80-90%
2/16/2026 16:08,Arjun Agarwal,Kerala,arjun.agarwal72@gmail.com,80-90%
2/24/2026 10:32,Aarav Bose,Madhya Pradesh,aarav.bose241@gmail.com,90%+
2/22/2026 12:09,Vikram Verma,Telangana,vikram.verma536@gmail.com,90%+
2/17/2026 20:57,Diya Chauhan,West Bengal,diya.chauhan719@gmail.com,90%+
2/14/2026 13:59,Kriti Nair,Haryana,kriti.nair227@gmail.com,70-80%
2/17/2026 18:01,Riya Mehta,Telangana,riya.mehta216@gmail.com,80-90%
2/20/2026 9:55,Kabir Iyer,West Bengal,kabir.iyer682@gmail.com,50-60%
2/20/2026 15:57,Pooja Mehta,Haryana,pooja.mehta517@gmail.com,90%+
2/16/2026 6:53,Kavya Gupta,West Bengal,kavya.gupta186@gmail.com,70-80%
2/19/2026 9:18,Ananya Patil,Madhya Pradesh,ananya.patil345@gmail.com,70-80%
2/14/2026 22:35,Karan Rajput,Maharashtra,karan.rajput397@gmail.com,90%+
2/22/2026 0:01,Diya Reddy,Karnataka,diya.reddy115@gmail.com,90%+
2/13/2026 11:14,Priya Kumar,Bihar,priya.kumar131@gmail.com,90%+
2/22/2026 19:29,Kriti Chauhan,Telangana,kriti.chauhan922@gmail.com,80-90%
2/13/2026 6:08,Aman Joshi,Kerala,aman.joshi933@gmail.com,70-80%
2/24/2026 13:03,Aarav Agarwal,Uttar Pradesh,aarav.agarwal232@gmail.com,80-90%
2/24/2026 16:32,Arjun Reddy,Telangana,arjun.reddy342@gmail.com,80-90%
2/16/2026 8:47,Aman Iyer,Haryana,aman.iyer782@gmail.com,80-90%
2/12/2026 3:22,Siddharth Verma,Bihar,siddharth.verma925@gmail.com,90%+
2/26/2026 10:44,Aditya Singh,Kerala,aditya.singh536@gmail.com,90%+
2/16/2026 21:18,Sneha Mishra,Bihar,sneha.mishra339@gmail.com,90%+
2/14/2026 17:43,Kavya Gupta,Gujarat,kavya.gupta300@gmail.com,80-90%
2/15/2026 9:27,Shruti Mehta,Bihar,shruti.mehta23@gmail.com,80-90%
2/12/2026 3:06,Shruti Reddy,Rajasthan,shruti.reddy93@gmail.com,80-90%
2/23/2026 17:44,Pooja Reddy,Haryana,pooja.reddy132@gmail.com,90%+
2/12/2026 1:13,Kavya Bose,Karnataka,kavya.bose82@gmail.com,90%+
2/23/2026 3:24,Rahul Deshmukh,Gujarat,rahul.deshmukh41@gmail.com,70-80%
2/14/2026 19:10,Sneha Chauhan,Telangana,sneha.chauhan130@gmail.com,90%+
2/25/2026 22:04,Shruti Kumar,Punjab,shruti.kumar373@gmail.com,90%+
2/13/2026 19:52,Shruti Rajput,Kerala,shruti.rajput284@gmail.com,90%+
2/12/2026 23:50,Aman Sharma,West Bengal,aman.sharma259@gmail.com,70-80%
2/25/2026 3:18,Ananya Verma,West Bengal,ananya.verma583@gmail.com,80-90%
2/25/2026 0:03,Riya Iyer,Rajasthan,riya.iyer765@gmail.com,80-90%
2/13/2026 7:28,Vikram Singh,Tamil Nadu,vikram.singh608@gmail.com,90%+
2/15/2026 22:59,Pooja Deshmukh,Rajasthan,pooja.deshmukh402@gmail.com,80-90%
2/18/2026 19:17,Meera Joshi,Maharashtra,meera.joshi230@gmail.com,60-70 %
2/23/2026 0:40,Aarav Bose,Telangana,aarav.bose10@gmail.com,90%+
2/26/2026 8:47,Arjun Deshmukh,Tamil Nadu,arjun.deshmukh83@gmail.com,70-80%
2/20/2026 7:05,Pooja Bose,Delhi,pooja.bose587@gmail.com,80-90%
2/25/2026 15:54,Priya Singh,Rajasthan,priya.singh470@gmail.com,70-80%
2/16/2026 4:40,Kriti Iyer,Madhya Pradesh,kriti.iyer52@gmail.com,90%+
2/12/2026 18:40,Kavya Nair,Maharashtra,kavya.nair817@gmail.com,90%+
2/13/2026 16:17,Priya Gupta,Tamil Nadu,priya.gupta758@gmail.com,90%+
2/23/2026 12:13,Shruti Patil,Maharashtra,shruti.patil920@gmail.com,90%+
2/24/2026 6:12,Sneha Agarwal,Punjab,sneha.agarwal289@gmail.com,70-80%
2/19/2026 14:08,Sneha Joshi,Rajasthan,sneha.joshi217@gmail.com,80-90%
2/13/2026 10:34,Kabir Mishra,Odisha,kabir.mishra414@gmail.com,90%+
2/13/2026 1:50,Aarav Joshi,Delhi,aarav.joshi947@gmail.com,90%+
2/12/2026 22:57,Neha Chauhan,Karnataka,neha.chauhan164@gmail.com,90%+
2/11/2026 19:59,Meera Yadav,Rajasthan,meera.yadav140@gmail.com,80-90%
2/18/2026 11:47,Meera Rajput,Delhi,meera.rajput498@gmail.com,70-80%
2/23/2026 21:33,Aditya Agarwal,West Bengal,aditya.agarwal751@gmail.com,80-90%
2/16/2026 7:59,Aarav Sharma,Uttar Pradesh,aarav.sharma486@gmail.com,60-70 %
2/22/2026 14:16,Aman Nair,West Bengal,aman.nair762@gmail.com,80-90%
2/15/2026 20:44,Riya Patil,Maharashtra,riya.patil561@gmail.com,80-90%
2/15/2026 9:57,Tanya Mishra,Kerala,tanya.mishra289@gmail.com,90%+
2/25/2026 2:05,Ishaan Nair,Tamil Nadu,ishaan.nair636@gmail.com,60-70 %
2/16/2026 11:34,Sanya Mehta,Odisha,sanya.mehta216@gmail.com,80-90%
2/14/2026 14:26,Riya Chauhan,Odisha,riya.chauhan685@gmail.com,80-90%
2/13/2026 13:43,Kabir Rajput,Haryana,kabir.rajput990@gmail.com,90%+
2/23/2026 9:29,Tanya Agarwal,Gujarat,tanya.agarwal659@gmail.com,90%+
2/17/2026 12:18,Riya Chauhan,Maharashtra,riya.chauhan638@gmail.com,90%+
2/15/2026 22:54,Karan Iyer,Telangana,karan.iyer526@gmail.com,90%+
2/12/2026 13:58,Diya Rajput,Punjab,diya.rajput979@gmail.com,90%+
2/26/2026 0:32,Sanya Bose,Karnataka,sanya.bose869@gmail.com,80-90%
2/20/2026 6:50,Aditya Pandey,Punjab,aditya.pandey294@gmail.com,90%+
2/21/2026 2:33,Riya Joshi,Rajasthan,riya.joshi293@gmail.com,90%+
2/25/2026 23:08,Ananya Agarwal,Telangana,ananya.agarwal30@gmail.com,80-90%
2/22/2026 13:59,Priya Kumar,Punjab,priya.kumar70@gmail.com,80-90%
2/21/2026 7:41,Tanya Yadav,Rajasthan,tanya.yadav928@gmail.com,80-90%
2/23/2026 18:41,Shruti Agarwal,Rajasthan,shruti.agarwal199@gmail.com,80-90%
2/14/2026 7:58,Sanya Sharma,Punjab,sanya.sharma395@gmail.com,90%+
2/13/2026 12:07,Karan Kumar,Odisha,karan.kumar794@gmail.com,80-90%
2/17/2026 6:31,Aman Joshi,Maharashtra,aman.joshi787@gmail.com,50-60%
2/13/2026 13:34,Rohan Reddy,Kerala,rohan.reddy910@gmail.com,80-90%
2/24/2026 4:04,Shruti Yadav,Madhya Pradesh,shruti.yadav753@gmail.com,80-90%
2/23/2026 4:40,Ishaan Rajput,Tamil Nadu,ishaan.rajput889@gmail.com,90%+
2/14/2026 17:20,Arjun Yadav,West Bengal,arjun.yadav373@gmail.com,60-70 %
2/23/2026 1:50,Shruti Pandey,Bihar,shruti.pandey873@gmail.com,70-80%
2/23/2026 8:11,Rohan Singh,Kerala,rohan.singh300@gmail.com,90%+
2/22/2026 22:50,Sneha Patil,Madhya Pradesh,sneha.patil369@gmail.com,90%+
2/16/2026 1:46,Vikram Mishra,Gujarat,vikram.mishra266@gmail.com,90%+
2/26/2026 0:18,Vihaan Patil,West Bengal,vihaan.patil681@gmail.com,70-80%
2/13/2026 5:44,Priya Das,Maharashtra,priya.das685@gmail.com,60-70 %
2/12/2026 5:33,Pooja Das,Telangana,pooja.das449@gmail.com,70-80%
2/21/2026 17:58,Sanya Pandey,Bihar,sanya.pandey602@gmail.com,90%+
2/17/2026 14:47,Riya Chauhan,Maharashtra,riya.chauhan493@gmail.com,90%+
2/21/2026 14:01,Vikram Patil,Bihar,vikram.patil191@gmail.com,70-80%
2/21/2026 12:31,Neha Singh,Punjab,neha.singh921@gmail.com,70-80%
2/19/2026 6:25,Diya Singh,Karnataka,diya.singh18@gmail.com,90%+
2/22/2026 12:40,Aarav Bose,Delhi,aarav.bose283@gmail.com,80-90%
2/15/2026 6:16,Diya Verma,Bihar,diya.verma261@gmail.com,90%+
2/16/2026 1:31,Meera Deshmukh,Uttar Pradesh,meera.deshmukh857@gmail.com,90%+
2/24/2026 21:16,Ishaan Das,Karnataka,ishaan.das995@gmail.com,90%+
2/24/2026 2:07,Meera Chauhan,Rajasthan,meera.chauhan695@gmail.com,50-60%
2/13/2026 19:19,Rahul Das,Punjab,rahul.das887@gmail.com,70-80%
2/25/2026 14:03,Pooja Bose,West Bengal,pooja.bose956@gmail.com,80-90%
2/22/2026 1:29,Ishaan Reddy,Odisha,ishaan.reddy20@gmail.com,80-90%
2/15/2026 21:06,Rohan Gupta,Uttar Pradesh,rohan.gupta984@gmail.com,80-90%
2/16/2026 2:19,Tanya Mishra,Telangana,tanya.mishra662@gmail.com,80-90%
2/21/2026 12:15,Siddharth Mishra,Madhya Pradesh,siddharth.mishra428@gmail.com,70-80%
2/15/2026 12:25,Priya Verma,Punjab,priya.verma200@gmail.com,60-70 %
2/17/2026 22:30,Aman Rajput,Haryana,aman.rajput423@gmail.com,80-90%
2/19/2026 5:21,Sanya Gupta,Maharashtra,sanya.gupta568@gmail.com,80-90%
2/24/2026 17:53,Siddharth Mishra,Madhya Pradesh,siddharth.mishra687@gmail.com,90%+
2/25/2026 7:52,Shruti Patil,Odisha,shruti.patil185@gmail.com,60-70 %
2/21/2026 4:28,Pooja Rajput,Maharashtra,pooja.rajput900@gmail.com,80-90%
2/12/2026 2:57,Rohan Pandey,Maharashtra,rohan.pandey972@gmail.com,80-90%
2/18/2026 20:57,Sanya Yadav,Punjab,sanya.yadav383@gmail.com,90%+
2/26/2026 2:28,Diya Reddy,West Bengal,diya.reddy565@gmail.com,80-90%
2/18/2026 2:54,Ishaan Nair,Punjab,ishaan.nair429@gmail.com,70-80%
2/24/2026 7:32,Sneha Sharma,Kerala,sneha.sharma849@gmail.com,80-90%
2/21/2026 4:09,Vikram Kumar,Haryana,vikram.kumar876@gmail.com,50-60%
2/12/2026 4:50,Aarav Agarwal,Kerala,aarav.agarwal712@gmail.com,80-90%
2/20/2026 5:40,Aarav Joshi,Telangana,aarav.joshi397@gmail.com,70-80%
2/13/2026 1:49,Neha Pandey,Odisha,neha.pandey196@gmail.com,90%+
2/14/2026 10:15,Vihaan Reddy,Gujarat,vihaan.reddy74@gmail.com,90%+
2/23/2026 2:55,Rahul Mehta,West Bengal,rahul.mehta922@gmail.com,90%+
2/16/2026 18:16,Priya Rajput,Odisha,priya.rajput876@gmail.com,90%+
2/22/2026 2:25,Shruti Nair,Karnataka,shruti.nair535@gmail.com,90%+
2/24/2026 21:53,Tanya Pandey,Kerala,tanya.pandey678@gmail.com,70-80%
2/23/2026 11:00,Aarav Iyer,Gujarat,aarav.iyer905@gmail.com,90%+
2/14/2026 16:58,Priya Joshi,Tamil Nadu,priya.joshi522@gmail.com,90%+
2/21/2026 15:56,Ishaan Joshi,Delhi,ishaan.joshi248@gmail.com,80-90%
2/14/2026 3:07,Rahul Nair,Tamil Nadu,rahul.nair577@gmail.com,90%+
2/18/2026 17:24,Karan Kumar,Kerala,karan.kumar246@gmail.com,80-90%
2/23/2026 12:49,Kabir Deshmukh,Rajasthan,kabir.deshmukh632@gmail.com,80-90%
2/24/2026 11:17,Kabir Iyer,Rajasthan,kabir.iyer73@gmail.com,80-90%
2/15/2026 7:39,Kabir Iyer,Tamil Nadu,kabir.iyer670@gmail.com,70-80%
2/25/2026 3:07,Priya Nair,Madhya Pradesh,priya.nair970@gmail.com,70-80%
2/18/2026 9:38,Aditya Das,Bihar,aditya.das439@gmail.com,70-80%
2/14/2026 7:18,Siddharth Kumar,Kerala,siddharth.kumar389@gmail.com,80-90%
2/17/2026 17:19,Vikram Singh,Tamil Nadu,vikram.singh861@gmail.com,90%+
2/11/2026 22:39,Rahul Pandey,Odisha,rahul.pandey548@gmail.com,70-80%
2/21/2026 15:13,Rohan Kumar,Maharashtra,rohan.kumar225@gmail.com,90%+
2/20/2026 2:10,Meera Reddy,Delhi,meera.reddy44@gmail.com,90%+
2/12/2026 2:53,Shruti Reddy,Punjab,shruti.reddy467@gmail.com,70-80%
2/19/2026 12:46,Diya Reddy,Telangana,diya.reddy618@gmail.com,80-90%
2/18/2026 21:19,Ishaan Gupta,Uttar Pradesh,ishaan.gupta740@gmail.com,70-80%
2/22/2026 14:24,Vikram Mehta,Tamil Nadu,vikram.mehta203@gmail.com,70-80%
2/14/2026 12:02,Vihaan Rajput,Maharashtra,vihaan.rajput691@gmail.com,70-80%
2/20/2026 10:43,Aditya Verma,Tamil Nadu,aditya.verma78@gmail.com,60-70 %
2/18/2026 9:30,Sanya Sharma,Rajasthan,sanya.sharma164@gmail.com,70-80%
2/21/2026 13:00,Sneha Singh,Maharashtra,sneha.singh867@gmail.com,80-90%
2/22/2026 17:43,Vihaan Joshi,Madhya Pradesh,vihaan.joshi983@gmail.com,80-90%
2/14/2026 16:56,Aarav Mishra,Uttar Pradesh,aarav.mishra248@gmail.com,80-90%
2/13/2026 14:10,Sanya Singh,Kerala,sanya.singh595@gmail.com,80-90%
2/18/2026 5:07,Karan Verma,Karnataka,karan.verma472@gmail.com,70-80%
2/23/2026 4:47,Aditya Kumar,Delhi,aditya.kumar541@gmail.com,70-80%
2/20/2026 2:17,Tanya Iyer,Punjab,tanya.iyer985@gmail.com,80-90%
2/14/2026 0:56,Aditya Mehta,Haryana,aditya.mehta197@gmail.com,90%+
2/11/2026 23:14,Kabir Sharma,Telangana,kabir.sharma966@gmail.com,90%+
2/16/2026 11:57,Ananya Joshi,Punjab,ananya.joshi205@gmail.com,90%+
2/19/2026 16:23,Neha Mishra,Telangana,neha.mishra450@gmail.com,80-90%
2/15/2026 17:05,Shruti Gupta,Gujarat,shruti.gupta601@gmail.com,90%+
2/18/2026 15:22,Siddharth Gupta,Kerala,siddharth.gupta162@gmail.com,90%+
2/19/2026 7:59,Priya Mehta,Haryana,priya.mehta188@gmail.com,60-70 %
2/25/2026 13:38,Tanya Nair,Haryana,tanya.nair642@gmail.com,90%+
2/17/2026 5:48,Pooja Pandey,Uttar Pradesh,pooja.pandey990@gmail.com,70-80%
2/18/2026 14:21,Diya Patil,Punjab,diya.patil91@gmail.com,90%+
2/25/2026 17:16,Karan Verma,Maharashtra,karan.verma172@gmail.com,70-80%
2/24/2026 20:31,Tanya Pandey,Punjab,tanya.pandey648@gmail.com,70-80%
2/11/2026 19:46,Sanya Mishra,Punjab,sanya.mishra586@gmail.com,90%+
2/12/2026 17:57,Aarav Patil,Karnataka,aarav.patil795@gmail.com,70-80%
2/19/2026 19:59,Rahul Sharma,Tamil Nadu,rahul.sharma951@gmail.com,80-90%
2/25/2026 9:24,Diya Gupta,Karnataka,diya.gupta116@gmail.com,90%+
2/19/2026 5:43,Tanya Chauhan,Gujarat,tanya.chauhan353@gmail.com,90%+
2/20/2026 19:49,Ishaan Yadav,Haryana,ishaan.yadav827@gmail.com,80-90%
2/25/2026 10:59,Aditya Gupta,Bihar,aditya.gupta112@gmail.com,90%+
2/11/2026 17:10,Rohan Verma,Karnataka,rohan.verma474@gmail.com,90%+
2/21/2026 20:48,Vikram Yadav,Gujarat,vikram.yadav977@gmail.com,70-80%
2/20/2026 14:12,Aman Bose,Madhya Pradesh,aman.bose812@gmail.com,80-90%
2/16/2026 21:16,Vihaan Mehta,Kerala,vihaan.mehta541@gmail.com,90%+
2/15/2026 2:11,Tanya Pandey,West Bengal,tanya.pandey534@gmail.com,80-90%
2/17/2026 16:15,Siddharth Pandey,Odisha,siddharth.pandey508@gmail.com,70-80%
2/23/2026 15:33,Arjun Reddy,Rajasthan,arjun.reddy996@gmail.com,90%+
2/23/2026 21:03,Sanya Patil,Maharashtra,sanya.patil176@gmail.com,90%+
2/23/2026 22:22,Arjun Gupta,Rajasthan,arjun.gupta515@gmail.com,50-60%
2/15/2026 20:34,Kabir Mehta,Haryana,kabir.mehta529@gmail.com,80-90%
2/13/2026 18:55,Aman Bose,Rajasthan,aman.bose273@gmail.com,90%+
2/20/2026 4:16,Shruti Sharma,Haryana,shruti.sharma385@gmail.com,80-90%
2/17/2026 19:16,Meera Kumar,Gujarat,meera.kumar855@gmail.com,80-90%
2/12/2026 4:51,Vihaan Das,Uttar Pradesh,vihaan.das91@gmail.com,80-90%
2/19/2026 13:17,Meera Das,Madhya Pradesh,meera.das783@gmail.com,70-80%
2/14/2026 13:53,Meera Yadav,Maharashtra,meera.yadav907@gmail.com,70-80%
2/23/2026 5:22,Vihaan Nair,Madhya Pradesh,vihaan.nair442@gmail.com,70-80%
2/22/2026 14:01,Kriti Deshmukh,Tamil Nadu,kriti.deshmukh465@gmail.com,80-90%
2/18/2026 6:30,Aditya Chauhan,Telangana,aditya.chauhan819@gmail.com,90%+
2/13/2026 0:11,Rohan Iyer,Haryana,rohan.iyer832@gmail.com,70-80%
2/24/2026 15:37,Vikram Verma,Karnataka,vikram.verma310@gmail.com,90%+
2/11/2026 19:55,Aarav Gupta,Karnataka,aarav.gupta229@gmail.com,90%+
2/19/2026 0:45,Kriti Deshmukh,Bihar,kriti.deshmukh277@gmail.com,70-80%
2/16/2026 23:41,Riya Verma,Rajasthan,riya.verma418@gmail.com,90%+
2/18/2026 0:34,Sanya Reddy,Madhya Pradesh,sanya.reddy572@gmail.com,80-90%
2/23/2026 14:41,Siddharth Sharma,Maharashtra,siddharth.sharma629@gmail.com,70-80%
2/15/2026 6:36,Aarav Iyer,Kerala,aarav.iyer814@gmail.com,70-80%
2/24/2026 1:41,Vihaan Pandey,Tamil Nadu,vihaan.pandey864@gmail.com,80-90%
2/17/2026 21:35,Karan Iyer,Punjab,karan.iyer631@gmail.com,70-80%
2/16/2026 19:27,Kavya Agarwal,West Bengal,kavya.agarwal301@gmail.com,80-90%
2/18/2026 18:23,Aarav Nair,Bihar,aarav.nair599@gmail.com,80-90%
2/20/2026 15:47,Rahul Mishra,Kerala,rahul.mishra308@gmail.com,80-90%
2/20/2026 14:30,Aman Deshmukh,Kerala,aman.deshmukh891@gmail.com,80-90%
2/25/2026 19:29,Kriti Agarwal,Tamil Nadu,kriti.agarwal511@gmail.com,90%+
2/14/2026 8:55,Rohan Sharma,Delhi,rohan.sharma832@gmail.com,80-90%
2/16/2026 10:21,Diya Yadav,Karnataka,diya.yadav303@gmail.com,80-90%
2/25/2026 18:03,Meera Reddy,Odisha,meera.reddy66@gmail.com,80-90%
2/23/2026 18:05,Vihaan Iyer,Tamil Nadu,vihaan.iyer373@gmail.com,80-90%
2/15/2026 22:32,Karan Bose,Maharashtra,karan.bose854@gmail.com,80-90%
2/14/2026 15:04,Tanya Mehta,Rajasthan,tanya.mehta248@gmail.com,70-80%
2/14/2026 3:30,Aditya Sharma,Gujarat,aditya.sharma869@gmail.com,70-80%
2/12/2026 14:04,Kabir Agarwal,Karnataka,kabir.agarwal187@gmail.com,80-90%
2/18/2026 10:11,Priya Iyer,Odisha,priya.iyer458@gmail.com,80-90%
2/18/2026 16:29,Tanya Reddy,Kerala,tanya.reddy258@gmail.com,90%+
2/23/2026 0:05,Arjun Yadav,Uttar Pradesh,arjun.yadav708@gmail.com,80-90%
2/20/2026 18:07,Ananya Iyer,Odisha,ananya.iyer563@gmail.com,70-80%
2/19/2026 17:53,Kriti Verma,Kerala,kriti.verma359@gmail.com,90%+
2/25/2026 1:22,Rahul Gupta,Gujarat,rahul.gupta777@gmail.com,80-90%
2/25/2026 6:14,Meera Patil,Bihar,meera.patil59@gmail.com,70-80%
2/23/2026 13:16,Vihaan Reddy,Delhi,vihaan.reddy535@gmail.com,80-90%
2/20/2026 3:13,Ishaan Gupta,Kerala,ishaan.gupta710@gmail.com,90%+
2/16/2026 6:48,Sneha Patil,Bihar,sneha.patil797@gmail.com,80-90%
2/12/2026 9:47,Aarav Iyer,Delhi,aarav.iyer754@gmail.com,90%+
2/24/2026 23:33,Ishaan Verma,Odisha,ishaan.verma934@gmail.com,90%+
2/12/2026 19:14,Rahul Singh,Karnataka,rahul.singh806@gmail.com,80-90%
2/20/2026 1:58,Shruti Mehta,Haryana,shruti.mehta360@gmail.com,90%+
2/18/2026 23:54,Aarav Verma,Punjab,aarav.verma644@gmail.com,70-80%
2/24/2026 9:58,Meera Reddy,Karnataka,meera.reddy285@gmail.com,50-60%
2/14/2026 14:26,Ishaan Chauhan,Odisha,ishaan.chauhan597@gmail.com,70-80%
2/16/2026 19:29,Sanya Das,Tamil Nadu,sanya.das107@gmail.com,90%+
2/14/2026 3:45,Karan Bose,Uttar Pradesh,karan.bose444@gmail.com,70-80%
2/21/2026 2:16,Sanya Mishra,Rajasthan,sanya.mishra130@gmail.com,90%+
2/12/2026 9:21,Siddharth Mehta,Karnataka,siddharth.mehta373@gmail.com,70-80%
2/22/2026 11:27,Vihaan Yadav,Uttar Pradesh,vihaan.yadav774@gmail.com,90%+
2/24/2026 4:54,Tanya Patil,Maharashtra,tanya.patil42@gmail.com,90%+
2/21/2026 0:45,Aman Gupta,Gujarat,aman.gupta800@gmail.com,90%+
2/20/2026 2:33,Priya Mehta,Odisha,priya.mehta458@gmail.com,80-90%
2/23/2026 22:00,Neha Das,Telangana,neha.das322@gmail.com,80-90%
2/24/2026 17:07,Shruti Kumar,West Bengal,shruti.kumar66@gmail.com,90%+
2/21/2026 18:33,Sanya Rajput,Tamil Nadu,sanya.rajput672@gmail.com,80-90%
2/25/2026 16:31,Priya Deshmukh,Maharashtra,priya.deshmukh299@gmail.com,90%+
2/13/2026 4:30,Karan Mehta,Rajasthan,karan.mehta235@gmail.com,50-60%
2/23/2026 13:33,Rahul Rajput,Haryana,rahul.rajput681@gmail.com,90%+
2/20/2026 8:07,Diya Reddy,Bihar,diya.reddy762@gmail.com,70-80%
2/22/2026 23:13,Priya Reddy,Maharashtra,priya.reddy51@gmail.com,70-80%
2/22/2026 12:41,Aditya Chauhan,Kerala,aditya.chauhan284@gmail.com,70-80%
2/19/2026 13:29,Kabir Patil,Haryana,kabir.patil855@gmail.com,80-90%
2/18/2026 9:52,Tanya Rajput,Gujarat,tanya.rajput917@gmail.com,70-80%
2/23/2026 4:31,Ananya Yadav,Maharashtra,ananya.yadav152@gmail.com,70-80%
2/24/2026 18:23,Kavya Kumar,Haryana,kavya.kumar472@gmail.com,50-60%
2/23/2026 2:43,Tanya Das,Karnataka,tanya.das965@gmail.com,90%+
2/17/2026 22:13,Arjun Reddy,Punjab,arjun.reddy858@gmail.com,90%+
2/16/2026 18:50,Riya Yadav,Tamil Nadu,riya.yadav644@gmail.com,90%+
2/17/2026 22:22,Aditya Bose,Haryana,aditya.bose564@gmail.com,90%+
2/23/2026 15:33,Neha Reddy,Bihar,neha.reddy698@gmail.com,90%+
2/12/2026 20:51,Karan Kumar,Gujarat,karan.kumar761@gmail.com,90%+
2/20/2026 22:31,Shruti Bose,Punjab,shruti.bose222@gmail.com,70-80%
2/18/2026 6:20,Arjun Patil,Odisha,arjun.patil251@gmail.com,80-90%
2/19/2026 5:56,Sneha Das,Rajasthan,sneha.das131@gmail.com,70-80%
2/15/2026 22:20,Aman Gupta,Tamil Nadu,aman.gupta84@gmail.com,80-90%
2/13/2026 17:49,Ananya Das,Bihar,ananya.das926@gmail.com,90%+
2/14/2026 15:15,Tanya Nair,Uttar Pradesh,tanya.nair980@gmail.com,90%+
2/25/2026 23:39,Aditya Mishra,Madhya Pradesh,aditya.mishra93@gmail.com,80-90%
2/14/2026 20:15,Riya Sharma,Madhya Pradesh,riya.sharma469@gmail.com,90%+
2/20/2026 4:47,Meera Rajput,Bihar,meera.rajput277@gmail.com,80-90%
2/26/2026 15:41,Rahul Mishra,West Bengal,rahul.mishra239@gmail.com,80-90%
2/23/2026 22:21,Sneha Patil,Delhi,sneha.patil978@gmail.com,80-90%
2/12/2026 23:01,Sanya Nair,Delhi,sanya.nair991@gmail.com,80-90%
2/19/2026 18:03,Kabir Reddy,Bihar,kabir.reddy345@gmail.com,60-70 %
2/23/2026 7:43,Aman Singh,Delhi,aman.singh398@gmail.com,80-90%
2/12/2026 11:52,Sanya Sharma,Rajasthan,sanya.sharma293@gmail.com,90%+
2/13/2026 8:29,Sanya Agarwal,Delhi,sanya.agarwal333@gmail.com,90%+
2/13/2026 4:53,Ananya Pandey,Maharashtra,ananya.pandey354@gmail.com,80-90%
2/14/2026 18:42,Vikram Bose,Tamil Nadu,vikram.bose910@gmail.com,80-90%
2/11/2026 21:11,Meera Sharma,Gujarat,meera.sharma615@gmail.com,80-90%
2/18/2026 14:28,Aditya Chauhan,Punjab,aditya.chauhan387@gmail.com,80-90%
2/19/2026 19:14,Tanya Pandey,Punjab,tanya.pandey276@gmail.com,90%+
2/26/2026 9:40,Diya Joshi,Haryana,diya.joshi386@gmail.com,80-90%
2/20/2026 10:00,Vihaan Agarwal,Karnataka,vihaan.agarwal56@gmail.com,90%+
2/20/2026 17:10,Kabir Gupta,Maharashtra,kabir.gupta22@gmail.com,90%+
2/16/2026 19:24,Neha Sharma,Gujarat,neha.sharma275@gmail.com,90%+
2/15/2026 1:56,Siddharth Singh,Punjab,siddharth.singh965@gmail.com,80-90%
2/24/2026 2:16,Meera Yadav,Rajasthan,meera.yadav568@gmail.com,80-90%
2/13/2026 9:44,Vihaan Deshmukh,Tamil Nadu,vihaan.deshmukh758@gmail.com,80-90%
2/20/2026 12:41,Kabir Kumar,Karnataka,kabir.kumar508@gmail.com,80-90%
2/14/2026 9:57,Vihaan Nair,Tamil Nadu,vihaan.nair960@gmail.com,80-90%
2/21/2026 5:10,Sneha Rajput,Gujarat,sneha.rajput548@gmail.com,80-90%
2/19/2026 15:13,Vihaan Pandey,Uttar Pradesh,vihaan.pandey840@gmail.com,90%+
2/21/2026 19:22,Sneha Bose,Rajasthan,sneha.bose573@gmail.com,90%+
2/19/2026 5:49,Vihaan Kumar,Tamil Nadu,vihaan.kumar627@gmail.com,90%+
2/15/2026 18:45,Aarav Sharma,Bihar,aarav.sharma383@gmail.com,70-80%
2/12/2026 5:58,Ishaan Mishra,Maharashtra,ishaan.mishra411@gmail.com,90%+
2/17/2026 21:22,Rohan Iyer,Bihar,rohan.iyer587@gmail.com,90%+
2/23/2026 21:37,Ananya Gupta,Rajasthan,ananya.gupta83@gmail.com,90%+
2/22/2026 23:49,Shruti Das,Punjab,shruti.das751@gmail.com,90%+
2/15/2026 9:13,Rohan Deshmukh,Kerala,rohan.deshmukh284@gmail.com,50-60%
2/12/2026 12:22,Ishaan Das,Punjab,ishaan.das888@gmail.com,90%+
2/11/2026 18:37,Kavya Agarwal,Karnataka,kavya.agarwal294@gmail.com,90%+
2/12/2026 15:24,Kriti Rajput,Madhya Pradesh,kriti.rajput482@gmail.com,80-90%
2/26/2026 12:46,Meera Mishra,Kerala,meera.mishra841@gmail.com,80-90%
2/14/2026 15:38,Diya Patil,Maharashtra,diya.patil358@gmail.com,70-80%
2/16/2026 20:30,Tanya Das,Odisha,tanya.das788@gmail.com,80-90%
2/21/2026 21:43,Tanya Mishra,Haryana,tanya.mishra742@gmail.com,90%+
2/25/2026 13:00,Arjun Joshi,West Bengal,arjun.joshi915@gmail.com,90%+
2/20/2026 15:11,Pooja Das,Odisha,pooja.das388@gmail.com,90%+
2/20/2026 21:08,Priya Yadav,Odisha,priya.yadav688@gmail.com,90%+
2/25/2026 6:35,Rahul Sharma,Madhya Pradesh,rahul.sharma574@gmail.com,90%+
2/12/2026 0:23,Karan Singh,Haryana,karan.singh54@gmail.com,80-90%
2/16/2026 18:42,Tanya Pandey,Odisha,tanya.pandey339@gmail.com,90%+
2/26/2026 2:23,Karan Mishra,Karnataka,karan.mishra660@gmail.com,90%+
2/23/2026 15:48,Rahul Deshmukh,West Bengal,rahul.deshmukh524@gmail.com,90%+
2/19/2026 5:59,Priya Mishra,Kerala,priya.mishra948@gmail.com,90%+
2/17/2026 21:18,Ishaan Mishra,Maharashtra,ishaan.mishra125@gmail.com,80-90%
2/14/2026 3:51,Kriti Iyer,Madhya Pradesh,kriti.iyer482@gmail.com,70-80%
2/17/2026 15:37,Ananya Pandey,West Bengal,ananya.pandey344@gmail.com,80-90%
2/26/2026 0:39,Siddharth Yadav,Delhi,siddharth.yadav604@gmail.com,90%+
2/22/2026 11:43,Aarav Pandey,Karnataka,aarav.pandey886@gmail.com,80-90%
2/18/2026 16:40,Aditya Nair,Bihar,aditya.nair627@gmail.com,90%+
2/20/2026 19:20,Shruti Verma,Kerala,shruti.verma700@gmail.com,90%+
2/15/2026 19:27,Aman Rajput,Rajasthan,aman.rajput924@gmail.com,90%+
2/23/2026 14:45,Arjun Das,Delhi,arjun.das447@gmail.com,90%+
2/14/2026 20:12,Vihaan Das,Tamil Nadu,vihaan.das777@gmail.com,90%+
2/16/2026 6:53,Arjun Das,Uttar Pradesh,arjun.das263@gmail.com,90%+
2/15/2026 9:15,Rohan Reddy,Kerala,rohan.reddy342@gmail.com,70-80%
2/15/2026 18:09,Tanya Mehta,Kerala,tanya.mehta15@gmail.com,80-90%
2/13/2026 9:10,Pooja Das,Kerala,pooja.das593@gmail.com,90%+
2/13/2026 15:49,Sneha Chauhan,Karnataka,sneha.chauhan416@gmail.com,90%+
2/22/2026 5:35,Riya Chauhan,Rajasthan,riya.chauhan360@gmail.com,90%+
2/19/2026 16:56,Priya Joshi,Gujarat,priya.joshi468@gmail.com,90%+
2/17/2026 4:10,Meera Mehta,Kerala,meera.mehta994@gmail.com,90%+
2/24/2026 1:42,Diya Patil,Odisha,diya.patil223@gmail.com,90%+
2/26/2026 10:47,Karan Iyer,Haryana,karan.iyer910@gmail.com,80-90%
2/26/2026 9:37,Rahul Kumar,Kerala,rahul.kumar440@gmail.com,80-90%
2/12/2026 7:08,Siddharth Verma,West Bengal,siddharth.verma279@gmail.com,70-80%
2/13/2026 20:08,Arjun Pandey,West Bengal,arjun.pandey521@gmail.com,90%+
2/17/2026 18:55,Kabir Sharma,Telangana,kabir.sharma172@gmail.com,90%+
2/19/2026 15:20,Meera Sharma,Tamil Nadu,meera.sharma315@gmail.com,90%+
2/19/2026 22:36,Aditya Pandey,Bihar,aditya.pandey273@gmail.com,90%+
2/22/2026 13:16,Vihaan Agarwal,Rajasthan,vihaan.agarwal361@gmail.com,80-90%
2/21/2026 9:41,Siddharth Joshi,Rajasthan,siddharth.joshi329@gmail.com,80-90%
2/14/2026 13:32,Pooja Agarwal,Uttar Pradesh,pooja.agarwal232@gmail.com,90%+
2/17/2026 1:47,Priya Iyer,Haryana,priya.iyer234@gmail.com,80-90%
2/19/2026 5:45,Riya Mehta,Madhya Pradesh,riya.mehta403@gmail.com,80-90%
2/24/2026 3:22,Arjun Joshi,Bihar,arjun.joshi131@gmail.com,70-80%
2/15/2026 5:37,Rohan Mehta,Kerala,rohan.mehta644@gmail.com,80-90%
2/19/2026 22:24,Pooja Sharma,Gujarat,pooja.sharma238@gmail.com,80-90%
2/19/2026 16:26,Vikram Pandey,Gujarat,vikram.pandey439@gmail.com,80-90%
2/24/2026 18:00,Sanya Iyer,Madhya Pradesh,sanya.iyer690@gmail.com,70-80%
2/19/2026 22:03,Ishaan Verma,Odisha,ishaan.verma268@gmail.com,80-90%
2/17/2026 13:41,Aman Verma,Maharashtra,aman.verma476@gmail.com,70-80%
2/18/2026 10:00,Ananya Iyer,Karnataka,ananya.iyer694@gmail.com,70-80%
2/16/2026 23:33,Kriti Yadav,Bihar,kriti.yadav800@gmail.com,80-90%
2/23/2026 3:08,Kabir Kumar,Bihar,kabir.kumar208@gmail.com,70-80%
2/19/2026 2:38,Kavya Verma,Delhi,kavya.verma316@gmail.com,90%+
2/21/2026 17:25,Aditya Rajput,Rajasthan,aditya.rajput206@gmail.com,70-80%
2/21/2026 14:42,Vihaan Kumar,Tamil Nadu,vihaan.kumar301@gmail.com,90%+
2/26/2026 3:48,Kriti Bose,Gujarat,kriti.bose589@gmail.com,80-90%
2/15/2026 11:19,Aman Mehta,Uttar Pradesh,aman.mehta827@gmail.com,70-80%
2/18/2026 2:56,Karan Das,West Bengal,karan.das35@gmail.com,70-80%
2/15/2026 4:18,Karan Gupta,Odisha,karan.gupta619@gmail.com,90%+
2/17/2026 22:14,Aarav Das,Maharashtra,aarav.das697@gmail.com,80-90%
2/16/2026 18:23,Karan Yadav,Haryana,karan.yadav654@gmail.com,80-90%
